"100-0",100,"ETHICAL PRODUCTS, INC",0,0,0,0
"100-1",100,"FIELDCREST FARMS",0,0,0,0
"101-0",101,"TROPICLEAN",0,0,0,0
"102-0",102,"TREATIBLES",0,0,0,0
"103-0",103,"A&E CAGE COMPANY, LLC",0,0,0,0
"104-0",104,"LOVING PET CORPORATION",0,0,0,0
"106-0",106,"AQUEON",0,0,0,0
"106-1",106,"CORALIFE",0,0,0,0
"106-2",106,"FARNAM PET",0,0,0,0
"106-3",106,"FOUR PAWS",0,0,0,0
"106-4",106,"IMS TRADING",0,0,0,0
"106-5",106,"K&H MFG",0,0,0,0
"106-6",106,"KAYTEE",0,0,0,0
"106-7",106,"NYLABONE CORP",0,0,0,0
"106-8",106,"SUPER PET",0,0,0,0
"106-9",106,"ZILLA",0,0,0,0
"107-0",107,"PET FACTORY",0,0,0,0
"107-1",107,"QUAKER PET GROUP",0,0,0,0
"107-2",107,"WORLDWISE, INC",0,0,0,0
"108-0",108,"TOMLYN PRODUCTS",0,0,0,0
"108-1",108,"VETOQUINOL USA",0,0,0,0
"109-0",109,"DURVET, INC PET",0,0,0,0
"110-0",110,"SNUGAROOZ",0,0,0,0
"111-0",111,"PETSPORT",0,0,0,0
"112-0",112,"VICTOR SUPER PREMIUM PET FOOD",0,0,0,0
"113-0",113,"HIGGINS PREMIUM PET FOODS, VERSELE-LAGA",0,0,0,0
"114-0",114,"BLUE RIBBON PET PRODUCTS",0,0,0,0
"115-0",115,"TAILSPRINGS BY MEYENBERG",0,0,0,0
"116-0",116,"CARIBSEA, INC",0,0,0,0
"117-0",117,"ZIPPY PAWS",0,0,0,0
"118-0",118,"ROAM PETS",0,0,0,0
"119-0",119,"PET NATURALS OF VERMONT",0,0,0,0
"121-0",121,"EMERALD PET PRODUCTS, INC",0,0,0,0
"122-0",122,"CARLSON PET PRODUCTS",0,0,0,0
"123-0",123,"MAMMOTH PET PRODUCTS",0,0,0,0
"124-0",124,"WALKABOUT PET, LLC",0,0,0,0
"125-0",125,"BEST BUY BONES",0,0,0,0
"126-0",126,"THE COMPANY OF ANIMALS",0,0,0,0
"127-0",127,"THE WILD BONE COMPANY",0,0,0,0
"128-0",128,"AMERICAN WOOD FIBERS PET",0,0,0,0
"129-0",129,"ALL LIFE STAGES",0,0,0,0
"129-1",129,"CANIDAE",0,0,0,0
"129-2",129,"PURE",0,0,0,0
"129-3",129,"UNDER THE SUN",0,0,0,0
"130-0",130,"MARSHALL PET PRODUCTS",0,0,0,0
"131-0",131,"CLOROX PETCARE PRODUCTS",0,0,0,0
"132-0",132,"BOODA PRODUCTS",0,0,0,0
"132-1",132,"CHUCK-IT!",0,0,0,0
"132-2",132,"JW PET",0,0,0,0
"132-3",132,"PETMATE, INC",0,0,0,0
"132-4",132,"VITTLES VAULTS",0,0,0,0
"133-0",133,"PET KING BRANDS",0,0,0,0
"134-0",134,"ESTES’ COMPANY, INC",0,0,0,0
"135-0",135,"HAPPY HOWIE’S",0,0,0,0
"136-0",136,"HAMILTON HALTER & PET COMPANY",0,0,0,0
"136-1",136,"MIRACLE CARE PET PRODUCTS",0,0,0,0
"136-2",136,"STEWARTS FOOD & TREATS",0,0,0,0
"137-0",137,"MULTIPET INTERNATIONAL",0,0,0,0
"138-0",138,"STARMARK",0,0,0,0
"140-0",140,"KURGO",0,0,0,0
"140-1",140,"PETSAFE",0,0,0,0
"141-0",141,"GRANDMA MAE’S COUNTRY NATURALS",0,0,0,0
"142-0",142,"FM BROWN’S, INC",0,0,0,0
"143-0",143,"PESTELL PET PRODUCTS",0,0,0,0
"144-0",144,"REDBARN PET PRODUCTS, INC",0,0,0,0
"145-0",145,"KONG COMPANY",0,0,0,0
"146-0",146,"MIDWEST HOMES FOR PETS",0,0,0,0
"147-0",147,"FLUKER’S",0,0,0,0
"148-0",148,"PREVUE PET PRODUCTS",0,0,0,0
"151-0",151,"TEVRA BRANDS, LLC",0,0,0,0
"152-0",152,"ACORN PET PRODUCTS",0,0,0,0
"153-0",153,"PET AG, INC",0,0,0,0
"154-0",154,"EARTHBORN",0,0,0,0
"154-1",154,"MIDWESTERN PET FOODS",0,0,0,0
"154-2",154,"PROPAC",0,0,0,0
"154-3",154,"SPORTMIX",0,0,0,0
"154-4",154,"VENTURE",0,0,0,0
"155-0",155,"SEACHEM LABORATORIES, INC",0,0,0,0
"156-0",156,"ZOO MED LABORATORIES",0,0,0,0
"157-0",157,"AQUATOP AQUATIC SUPPLIES",0,0,0,0
"157-1",157,"JP AQUATICS",0,0,0,0
"158-0",158,"COMPANA PET BRANDS",0,0,0,0
"158-1",158,"OXBOW",0,0,0,0
"158-2",158,"ZUPREEM",0,0,0,0
"159-0",159,"TRIUMPH PET",0,0,0,0
"160-0",160,"COASTAL PET",0,0,0,0
"161-0",161,"BENEBONE, LLC",0,0,0,0
"162-0",162,"EARTHBATH",0,0,0,0
"163-0",163,"HEALTHY PET",0,0,0,0
"164-0",164,"GINGER RIDGE",0,0,0,0
"164-1",164,"SUNSEED",0,0,0,0
"164-2",164,"VITAKRAFT",0,0,0,0
"166-0",166,"HORSEMEN’S PRIDE, INC",0,0,0,0
"166-1",166,"JOLLY PETS",0,0,0,0
"167-0",167,"REPLENISH PET, INC",0,0,0,0
"168-0",168,"ALASKA NATURALS PET PRODUCTS",0,0,0,0
"169-0",169,"NEPTUNE’S HARVEST",0,0,0,0
"170-0",170,"ENVIRO PROTECTION INDUSTRIES",0,0,0,0
"171-0",171,"JONATHAN GREEN",0,0,0,0
"172-0",172,"LAMBERT PEAT MOSS",0,0,0,0
"173-0",173,"SPECTRUM BRANDS INSTANT OCEAN",0,0,0,0
"173-1",173,"SPECTRUM BRANDS PERFECTO",0,0,0,0
"173-2",173,"SPECTRUM BRANDS PET",0,0,0,0
"173-3",173,"SPECTRUM BRANDS TETRA",0,0,0,0
"173-4",173,"SPECTRUM BRANDS TETRA POND",0,0,0,0
"174-0",174,"CENTRAL GARDEN EXCEL",0,0,0,0
"174-1",174,"GULFSTREAM",0,0,0,0
"175-0",175,"COAST OF MAINE",0,0,0,0
"176-0",176,"SLOGGERS",0,0,0,0
"177-0",177,"OASE LIVING WATER",0,0,0,0
"178-0",178,"ECOLOGICAL LABORATORIES",0,0,0,0
"179-0",179,"SEPRO",0,0,0,0
"180-0",180,"MARS FISHCARE (API)",0,0,0,0
"181-0",181,"CONTROL SOLUTIONS, INC",0,0,0,0
"182-0",182,"WARE PET PRODUCTS",0,0,0,0
"183-0",183,"GAIA ENTERPRISES, INC",0,0,0,0
"184-0",184,"BULLY TOOLS",0,0,0,0
"185-0",185,"RHINO SEED & LANDSCAPING",0,0,0,0
"186-0",186,"WORMGANICS",0,0,0,0
"187-0",187,"DANNER",0,0,0,0
"188-0",188,"BLOEM, LLC",0,0,0,0
"189-0",189,"CHAPIN MANUFACTURING, INC",0,0,0,0
"190-0",190,"EARTHBOX",0,0,0,0
"190-1",190,"HEATH MFG COMPANY",0,0,0,0
"191-0",191,"NOVELTY MFG CO",0,0,0,0
"192-0",192,"GARDEN ZONE",0,0,0,0
"192-1",192,"ORIGIN POINT BRANDS",0,0,0,0
"193-0",193,"WOODSTREAM CORPORATION",0,0,0,0
"194-0",194,"RAGAN & MASSEY, INC",0,0,0,0
"195-0",195,"EATON BROTHERS CORP",0,0,0,0
"196-0",196,"MELNOR, INC",0,0,0,0
"197-0",197,"CORONA TOOLS",0,0,0,0
"198-0",198,"MILAZZO INDUSTRIES, INC",0,0,0,0
"199-0",199,"LUSTER LEAF PRODUCTS, INC",0,0,0,0
"200-0",200,"SWAN",0,0,0,0
"201-0",201,"ESSCHERT DESIGN USA",0,0,0,0
"202-0",202,"GLOBAL HARVEST FOODS LTD",0,0,0,0
"203-0",203,"PINE TREE FARMS, INC",0,0,0,0
"204-0",204,"CENTURION GARDEN & OUTDOOR LIVING, INC",0,0,0,0
"205-0",205,"WHITETAIL INSTITUTE OF NORTH AMERICA",0,0,0,0
"206-0",206,"CLASSIC BRANDS, LLC,",0,0,0,0
"206-1",206,"DROLL YANKEES, INC",0,0,0,0
"207-0",207,"D&D COMMODITIES LTD",0,0,0,0
"208-0",208,"C & S PRODUCTS COMPANY, INC",0,0,0,0
"209-0",209,"UNIPET USA, LLC",0,0,0,0
"210-0",210,"GREENVIEW",0,0,0,0
"210-1",210,"LYRIC",0,0,0,0
"211-0",211,"NATURE’S WAY BIRD PRODUCTS",0,0,0,0
"212-0",212,"SHAFER SEED COMPANY",0,0,0,0
"213-0",213,"BELLINGHAM GLOVE, INC",0,0,0,0
"214-0",214,"TUFF STUFF PRODUCTS, INC",0,0,0,0
"217-0",217,"STARBAR",0,0,0,0
"218-0",218,"FINISH LINE",0,0,0,0
"219-0",219,"KENT NUTRITION GROUP",0,0,0,0
"220-0",220,"HENSSGEN HARDWARE CORP",0,0,0,0
"221-0",221,"RAMARD, INC",0,0,0,0
"222-0",222,"COMPANA PET BRANDS",0,0,0,0
"222-1",222,"MANNA PRO",0,0,0,0
"222-2",222,"RESPONSE PRODUCTS",0,0,0,0
"223-0",223,"DRAMM CORPORATION",0,0,0,0
"224-0",224,"DEWITT COMPANY, TYPAR",0,0,0,0
"225-0",225,"MPM PAN PACIFIC INC",0,0,0,0
"226-0",226,"SUN GRO HORTICULTURE",0,0,0,0
"227-0",227,"AUDUBON",0,0,0,0
"227-1",227,"HOOKERY",0,0,0,0
"227-2",227,"PANACEA PRODUCTS",0,0,0,0
"228-0",228,"BONIDE PRODUCTS, INC",0,0,0,0
"229-0",229,"STERLING INTERNATIONAL RESCUE, INC",0,0,0,0
"230-0",230,"HC COMPANIES - RETAIL",0,0,0,0
"231-0",231,"NATURE’S MACE",0,0,0,0
"232-0",232,"GATSBY LEATHER COMPANY",0,0,0,0
"233-0",233,"DARE PRODUCTS, INC",0,0,0,0
"234-0",234,"LIKIT",0,0,0,0
"235-0",235,"FORTEX INDUSTRIES, INC",0,0,0,0
"236-0",236,"BEHLEN MFG CO",0,0,0,0
"237-0",237,"FARM INNOVATORS, INC",0,0,0,0
"238-0",238,"FARNAM EQUINE",0,0,0,0
"239-0",239,"WF YOUNG",0,0,0,0
"240-0",240,"ANDIS COMPANY",0,0,0,0
"241-0",241,"ANIMAL SUPPLIES INTERNATIONAL",0,0,0,0
"242-0",242,"DBC AGRICULTURAL PRODUCTS",0,0,0,0
"243-0",243,"AMERICAN WOOD FIBERS FARM",0,0,0,0
"244-0",244,"LUCERNE FARMS",0,0,0,0
"245-0",245,"DESERT EQUESTRIAN, INC",0,0,0,0
"246-0",246,"ESPOMA COMPANY",0,0,0,0
"247-0",247,"PF HARRIS MFG",0,0,0,0
"248-0",248,"JIFFY",0,0,0,0
"248-1",248,"PLANTATION PRODUCTS, INC",0,0,0,0
"249-0",249,"TENAX CORPORATION",0,0,0,0
"250-0",250,"FOXFARM SOIL & FERTILIZER CO",0,0,0,0
"251-0",251,"SOUTHERN PATIO",0,0,0,0
"252-0",252,"DUKE COMPANY",0,0,0,0
"253-0",253,"HARVEST LANE HONEY",0,0,0,0
"254-0",254,"EARTHWAY PRODUCTS, INC",0,0,0,0
"255-0",255,"SUMMIT RESPONSIBLE SOLUTION, INC",0,0,0,0
"256-0",256,"BULL GATER LTD",0,0,0,0
"256-1",256,"SCENIC ROAD MFG",0,0,0,0
"257-0",257,"MILLSIDE INDUSTRIES",0,0,0,0
"258-0",258,"MONTEREY LAWN & GARDEN PRODUCTS",0,0,0,0
"260-0",260,"ALLIED PRECISION, INC",0,0,0,0
"260-1",260,"MILLER MANUFACTURING COMPANY, INC",0,0,0,0
"261-0",261,"STRAIGHT ARROW PRODUCTS",0,0,0,0
"262-0",262,"ANIMED",0,0,0,0
"263-0",263,"INNOVACYN, INC (VETERICYN)",0,0,0,0
"264-0",264,"RUBBERMAID COMMERCIAL PRODUCTS",0,0,0,0
"265-0",265,"ABSORBENT PRODUCTS LTD",0,0,0,0
"266-0",266,"PERDUE AGRIBUSINESS",0,0,0,0
"267-0",267,"HEALTHYCOAT",0,0,0,0
"268-0",268,"MOTOMCO LTD",0,0,0,0
"269-0",269,"DURVET AQUAVET",0,0,0,0
"269-1",269,"DURVET, INC EQUINE",0,0,0,0
"270-0",270,"JOLLY GARDENER PRODUCTS, INC",0,0,0,0
"270-1",270,"OLD CASTLE",0,0,0,0
"271-0",271,"ORBIT IRRIGATION (BOND)",0,0,0,0
"272-0",272,"EARTH EDGE",0,0,0,0
"273-0",273,"SOLO INCORPORATED",0,0,0,0
"274-0",274,"WESTCHESTER PROTECTIVE GEAR",0,0,0,0
"275-0",275,"PEARL VALLEY FARMS, INC",0,0,0,0
"276-0",276,"THE AMES COMPANY",2259,1503,74,183
"277-0",277,"MIDWEST AIR TECHNOLOGIES",0,0,0,0
"278-0",278,"ST GABRIEL ORGANICS",0,0,0,0
"279-0",279,"JOBE’S",0,0,0,0
"280-0",280,"FISKARS, INC",0,0,0,0
"280-1",280,"GILMOUR",0,0,0,0
"281-0",281,"KINCO GLOVES",0,0,0,0
"282-0",282,"TINGLEY RUBBER CORPORATION",0,0,0,0
"284-0",284,"HAPPY HEN TREATS",0,0,0,0
"285-0",285,"CHEMTECH",0,0,0,0
"285-1",285,"NEOGEN CORPORATION",0,0,0,0
"285-2",285,"SQUIRE",0,0,0,0
"286-0",286,"MERRICK’S ANIMAL HEALTH",0,0,0,0
"286-1",286,"VET’S PLUS",0,0,0,0
"287-0",287,"RICHDEL, INC",0,0,0,0
"288-0",288,"FIEBING COMPANY, INC",0,0,0,0
"289-0",289,"3M",0,0,0,0
"290-0",290,"ANIMAL HEALTHCARE LAB, INC",0,0,0,0
"290-1",290,"ORALX CORPORATION",0,0,0,0
"290-2",290,"TOLCO CORPORATION",0,0,0,0
"291-0",291,"TARTER FARM & RANCH",0,0,0,0
"292-0",292,"STERLING INTERNATIONAL RESCUE, INC FLY",0,0,0,0
"293-0",293,"HAMBURG",0,0,0,0
"293-1",293,"NEXSTEP COMMERCIAL PRODUCTS",0,0,0,0
"294-0",294,"GRABBER, INC",0,0,0,0
"295-0",295,"GOGREEN POWER, INC",0,0,0,0
"900-0",900,"SIMPLAY3 COMPANY",0,0,0,0
"901-0",901,"CURTIS WAGNER PLASTICS CORP",0,0,0,0
"902-0",902,"GOSSI",0,0,0,0
"903-0",903,"KNOX FERTILIZER COMPANY",0,0,0,0
"903-1",903,"SCHULTZ",0,0,0,0
"904-0",904,"WILDLIFE SCIENCES",0,0,0,0
"905-0",905,"STANDLEE PREMIUM WESTERN FORAGE",0,0,0,0
"906-0",906,"OVEREZ CHICKEN COOP",0,0,0,0
"907-0",907,"UNDER THE WEATHER",0,0,0,0
"908-0",908,"LEATHER BROTHERS",0,0,0,0
"909-0",909,"DOG E KATZ INNOVATIONS INC",0,0,0,0
"910-0",910,"WIXON, INC, CHARLEE BEAR",0,0,0,0
"911-0",911,"INABA FOODS USA, INC",0,0,0,0
